{"docstore/metadata": {"3555c51f-c73d-4d9a-b7ca-5487d02e25bc": {"doc_hash": "6f334337fb86b06d780e8d24e71bb438e645b62f9751134c51174124fb85a9b7"}, "a4f72beb-1084-48bb-95a5-27f695649d4c": {"doc_hash": "4805a2f2c56c9094bebfb5eade388f33eed1eea82040d5eb8cfa173d2f24441b"}, "76932497-0bfd-4cb5-842a-eb649425c1d9": {"doc_hash": "bfb22a3aadc0aef23e072b8c079bb0206bf5b428413f181c6cbc69b2efaf9ca8", "ref_doc_id": "3555c51f-c73d-4d9a-b7ca-5487d02e25bc"}, "b963a894-699f-41d8-82bf-e665c46997e4": {"doc_hash": "cd1dcbda9e88e1a263a8e6706d45948d05cb63e1a33a55e5e1e66c9127eaa8fe", "ref_doc_id": "a4f72beb-1084-48bb-95a5-27f695649d4c"}}, "docstore/data": {"76932497-0bfd-4cb5-842a-eb649425c1d9": {"__data__": {"id_": "76932497-0bfd-4cb5-842a-eb649425c1d9", "embedding": null, "metadata": {"filename": "file1.txt"}, "excluded_embed_metadata_keys": [], "excluded_llm_metadata_keys": [], "relationships": {"1": {"node_id": "3555c51f-c73d-4d9a-b7ca-5487d02e25bc", "node_type": "4", "metadata": {"filename": "file1.txt"}, "hash": "6f334337fb86b06d780e8d24e71bb438e645b62f9751134c51174124fb85a9b7", "class_name": "RelatedNodeInfo"}}, "metadata_template": "{key}: {value}", "metadata_separator": "\n", "text": "B\u00e1o c\u00e1o t\u00e0i ch\u00ednh Qu\u00fd 3 n\u0103m 2023:\n\n1. Doanh thu:\n   - T\u1ed5ng doanh thu: 10.5 t\u1ef7 VN\u0110.\n   - Doanh thu t\u1eeb s\u1ea3n ph\u1ea9m d\u1ecbch v\u1ee5: 8.3 t\u1ef7 VN\u0110.\n   - Doanh thu t\u1eeb \u0111\u1ea7u t\u01b0 t\u00e0i ch\u00ednh: 2.2 t\u1ef7 VN\u0110.\n\n2. Chi ph\u00ed:\n   - T\u1ed5ng chi ph\u00ed: 7.8 t\u1ef7 VN\u0110.\n   - Chi ph\u00ed v\u1eadn h\u00e0nh: 4.5 t\u1ef7 VN\u0110.\n   - Chi ph\u00ed marketing v\u00e0 b\u00e1n h\u00e0ng: 2.3 t\u1ef7 VN\u0110.\n   - Chi ph\u00ed kh\u00e1c: 1 t\u1ef7 VN\u0110.\n\n3. L\u1ee3i nhu\u1eadn:\n   - L\u1ee3i nhu\u1eadn r\u00f2ng: 2.7 t\u1ef7 VN\u0110.\n   - M\u1ee9c t\u0103ng tr\u01b0\u1edfng l\u1ee3i nhu\u1eadn: 15% so v\u1edbi c\u00f9ng k\u1ef3 n\u0103m tr\u01b0\u1edbc.\n\nK\u1ebft lu\u1eadn: C\u00f4ng ty \u0111\u1ea1t \u0111\u01b0\u1ee3c s\u1ef1 t\u0103ng tr\u01b0\u1edfng \u1ed5n \u0111\u1ecbnh, t\u1eadp trung c\u1ea3i thi\u1ec7n hi\u1ec7u su\u1ea5t ho\u1ea1t \u0111\u1ed9ng.", "mimetype": "text/plain", "start_char_idx": 0, "end_char_idx": 537, "metadata_seperator": "\n", "text_template": "{metadata_str}\n\n{content}", "class_name": "TextNode"}, "__type__": "1"}, "b963a894-699f-41d8-82bf-e665c46997e4": {"__data__": {"id_": "b963a894-699f-41d8-82bf-e665c46997e4", "embedding": null, "metadata": {"filename": "file2.txt"}, "excluded_embed_metadata_keys": [], "excluded_llm_metadata_keys": [], "relationships": {"1": {"node_id": "a4f72beb-1084-48bb-95a5-27f695649d4c", "node_type": "4", "metadata": {"filename": "file2.txt"}, "hash": "4805a2f2c56c9094bebfb5eade388f33eed1eea82040d5eb8cfa173d2f24441b", "class_name": "RelatedNodeInfo"}}, "metadata_template": "{key}: {value}", "metadata_separator": "\n", "text": "B\u00e1o c\u00e1o t\u00ecnh h\u00ecnh nh\u00e2n s\u1ef1 v\u00e0 tuy\u1ec3n d\u1ee5ng n\u0103m 2023:\n\n1. T\u1ed5ng s\u1ed1 nh\u00e2n s\u1ef1:\n   - S\u1ed1 l\u01b0\u1ee3ng nh\u00e2n vi\u00ean hi\u1ec7n t\u1ea1i: 120 ng\u01b0\u1eddi.\n   - T\u0103ng 10% so v\u1edbi n\u0103m 2022.\n\n2. Tuy\u1ec3n d\u1ee5ng:\n   - V\u1ecb tr\u00ed tuy\u1ec3n d\u1ee5ng ch\u00ednh: Nh\u00e2n vi\u00ean kinh doanh, K\u1ef9 thu\u1eadt vi\u00ean c\u00f4ng ngh\u1ec7, Chuy\u00ean vi\u00ean marketing.\n   - T\u1ed5ng s\u1ed1 l\u01b0\u1ee3ng nh\u00e2n vi\u00ean \u0111\u01b0\u1ee3c tuy\u1ec3n: 25 ng\u01b0\u1eddi.\n   - T\u1ef7 l\u1ec7 th\u00e0nh c\u00f4ng khi ph\u1ecfng v\u1ea5n: 65%.\n\n3. Th\u00e1ch th\u1ee9c v\u00e0 c\u01a1 h\u1ed9i:\n   - Kh\u00f3 kh\u0103n trong t\u00ecm ki\u1ebfm \u1ee9ng vi\u00ean ph\u00f9 h\u1ee3p cho c\u00e1c v\u1ecb tr\u00ed k\u1ef9 thu\u1eadt cao c\u1ea5p.\n   - M\u1edf r\u1ed9ng th\u1ecb tr\u01b0\u1eddng mi\u1ec1n Trung v\u00e0 mi\u1ec1n Nam, c\u1ea7n th\u00eam nh\u00e2n s\u1ef1 v\u1eadn h\u00e0nh.\n\n\u0110\u1ecbnh h\u01b0\u1edbng n\u0103m 2024: T\u0103ng c\u01b0\u1eddng \u0111\u00e0o t\u1ea1o nh\u00e2n vi\u00ean v\u00e0 c\u1ea3i thi\u1ec7n ch\u00ednh s\u00e1ch tuy\u1ec3n d\u1ee5ng.", "mimetype": "text/plain", "start_char_idx": 0, "end_char_idx": 622, "metadata_seperator": "\n", "text_template": "{metadata_str}\n\n{content}", "class_name": "TextNode"}, "__type__": "1"}}, "docstore/ref_doc_info": {"3555c51f-c73d-4d9a-b7ca-5487d02e25bc": {"node_ids": ["76932497-0bfd-4cb5-842a-eb649425c1d9"], "metadata": {"filename": "file1.txt"}}, "a4f72beb-1084-48bb-95a5-27f695649d4c": {"node_ids": ["b963a894-699f-41d8-82bf-e665c46997e4"], "metadata": {"filename": "file2.txt"}}}}